,sl_no,ssc_p,hsc_p,degree_p,etest_p,mba_p,salary
count,215.0,215.0,215.0,215.0,215.0,215.0,148.0
mean,108.0,67.30339534883721,66.33316279069768,66.37018604651163,72.10055813953488,62.278186046511635,288655.4054054054
std,62.20932405998316,10.827205398231452,10.89750915750298,7.35874328733944,13.275956401653833,5.833384580683801,93457.45241958875
min,1.0,40.89,37.0,50.0,50.0,51.21,200000.0
25%,54.5,60.599999999999994,60.9,61.0,60.0,57.945,240000.0
50%,108.0,67.0,65.0,66.0,71.0,62.0,265000.0
75%,161.5,75.7,73.0,72.0,83.5,66.255,300000.0
max,215.0,89.4,97.7,91.0,98.0,77.89,940000.0
